Log,Riesgo,Justificacion,Tiempo Respuesta (s),Modelo
"type=CONFIG_CHANGE msg=audit(1779746663.172:255): auid=1000 ses=1 subj=unconfined op=add_rule key=""passwd_changes"" list=4 res=1AUID=""alumno""",MEDIO,"Un alumno añadió una regla relacionada con cambios de contraseña, lo cual podría indicar un intento no malicioso pero poten0rmente riesgoso de modificar políticas de seguridad sin el conocimiento adecuado.",13.34,phi3:mini
"type=SYSCALL msg=audit(1779746663.172:255): arch=c000003e syscall=44 success=yes exit=1084 a0=3 a1=7ffd37190a40 a2=43c a3=0 items=0 ppid=1225 pid=1239 auid=1000 uid=0 gid=0 euid=0 suid=0 fsuid=0 egid=0 sgid=0 fsgid=0 tty=pts1 ses=1 comm=""auditctl"" exe=""/usr/sbin/auditctl"" subj=unconfined key=(null)ARCH=x86_64 SYSCALL=sendto AUID=""alumno"" UID=""root"" GID=""root"" EUID=""root"" SUID=""root"" FSUID=""root"" EGID=""root"" SGID=""root"" FSGID=""root""",MEDIO,La ejecución del comando auditctl por un usuario con privilegios elevados (uid=0) sugiere una operación potencialmente riesgosa de configuración que requiere monitoreo para garantizar la seguridad.,8.97,phi3:mini
type=PROCTITLE msg=audit(1779746663.172:255): proctitle=2F7362696E2F617564697463746C002D52002F6574632F61756469742F61756469742E72756C6573,INFO,"Se observó un acceso a la terminal /etc/systemd/user.service, sin embargo esto es una tarea normal para los usuarios con privilegios elevados y no indica ningún riesgo.",7.39,phi3:mini
"type=SYSCALL msg=audit(1779746681.792:261): arch=c000003e syscall=257 success=yes exit=3 a0=ffffff9c a1=7f30408222ac a2=80000 a3=0 items=1 ppid=952 pid=1247 auid=1000 uid=1000 gid=1000 euid=0 suid=0 fsuid=0 egid=1000 sgid=1000 fsgid=1000 tty=pts0 ses=1 comm=""sudo"" exe=""/usr/bin/sudo"" subj=unconfined key=""passwd_changes""ARCH=x86_64 SYSCALL=openat AUID=""alumno"" UID=""alumno"" GID=""alumno"" EUID=""root"" SUID=""root"" FSUID=""root"" EGID=""alumno"" SGID=""alumno"" FSGID=""alumno""",MEDIO,"El usuario alumno asciende a privilegios de root para ejecutar sudo, lo cual es común pero puede ser sospechoso sin un contexto específico. No representa una amenaza directa en sí misma.",8.79,phi3:mini
"type=CWD msg=audit(1779746681.792:261): cwd=""/home/alumno""",INFO,"El análisis indica que el alumno está en su directorio personal, lo cual es un comportamiento esperado y no representa ningún riesgo significativo.",6.25,phi3:mini
"type=PATH msg=audit(1779746681.792:261): item=0 name=""/etc/passwd"" inode=1049984 dev=08:02 mode=0100644 ouid=0 ogid=0 rdev=00:00 nametype=NORMAL cap_fp=0 cap_fi=0 cap_fe=0 cap_fver=0 cap_frootid=0OUID=""root"" OGID=""root""",INFO,"Una acción normal por parte del usuario root, sin riesgos evidentes.",5.27,phi3:mini
type=PROCTITLE msg=audit(1779746681.792:261): proctitle=7375646F00617564697463746C002D6C,INFO,"No hay riesgos detectados en este registro, el proctitle indica que una aplicación está ejecutándose.",5.7,phi3:mini
"type=SYSCALL msg=audit(1779746681.796:262): arch=c000003e syscall=257 success=yes exit=5 a0=ffffff9c a1=7f30408222ac a2=80000 a3=0 items=1 ppid=952 pid=1247 auid=1000 uid=1000 gid=1000 euid=0 suid=0 fsuid=0 egid=1000 sgid=1000 fsgid=1000 tty=pts0 ses=1 comm=""sudo"" exe=""/usr/bin/sudo"" subj=unconfined key=""passwd_changes""ARCH=x86_64 SYSCALL=openat AUID=""alumno"" UID=""alumno"" GID=""alumno"" EUID=""root"" SUID=""root"" FSUID=""root"" EGID=""alumno"" SGID=""alumno"" FSGID=""alumno""",ALTO,"El alumno utilizó sudo sin entrar a confirmación, lo cual es inusual y podría indicar un intento de mal uso o una configuración incorrecta que permite la ejecución no verificada.",8.75,phi3:mini
"type=CWD msg=audit(1779746681.796:262): cwd=""/home/alumno""",BAJO,La acción de cambiar directorios es una operación normal y no presenta riesgos inmediatos.,5.53,phi3:mini
"type=PATH msg=audit(1779746681.796:262): item=0 name=""/etc/passwd"" inode=1049984 dev=08:02 mode=0100644 ouid=0 ogid=0 rdev=00:00 nametype=NORMAL cap_fp=0 cap_fi=0 cap_fe=0 cap_fver=0 cap_frootid=0OUID=""root"" OGID=""root""",INFO,"Se registró la lectura del archivo /etc/passwd por el usuario root, que es una operación de privilegios elevados y normal en Linux. No hay indicios sospechosos.",7.45,phi3:mini
type=PROCTITLE msg=audit(1779746681.796:262): proctitle=7375646F00617564697463746C002D6C,INFO,"La entrada muestra una petición legítima de auditoría para un directorio con formato predictible, probablemente relacionado con un archivo que no requiere altas preocupaciones por seguridad.",7.29,phi3:mini
"type=SYSCALL msg=audit(1779746681.796:263): arch=c000003e syscall=257 success=yes exit=5 a0=ffffff9c a1=7f30408222ac a2=80000 a3=0 items=1 ppid=952 pid=1247 auid=1000 uid=1000 gid=1000 euid=0 suid=0 fsuid=0 egid=1000 sgid=1000 fsgid=1000 tty=pts0 ses=1 comm=""sudo"" exe=""/usr/bin/sudo"" subj=unconfined key=""passwd_changes""ARCH=x86_64 SYSCALL=openat AUID=""alumno"" UID=""alumno"" GID=""alumno"" EUID=""root"" SUID=""root"" FSUID=""root"" EGID=""alumno"" SGID=""alumno"" FSGID=""alumno""",ALTO,"Audit log indica que un usuario no identificado con el AUID 'alumno' ha intentado usar sudo, lo cual es sospechoso y requiere seguimiento inmediato debido a la falta de autenticidad.",8.73,phi3:mini
"type=CWD msg=audit(1779746681.796:263): cwd=""/home/alumno""",INFO,"El alumnado está navegando por su directorio personal, lo cual es una acción normal y no representa un riesgo significativo.",5.86,phi3:mini
"type=PATH msg=audit(1779746681.796:263): item=0 name=""/etc/passwd"" inode=1049984 dev=08:02 mode=0100644 ouid=0 ogid=0 rdev=00:00 nametype=NORMAL cap_fp=0 cap_fi=0 cap_fe=0 cap_fver=0 cap_frootid=0OUID=""root"" OGID=""root""",MEDIO,"El archivo principal de configuraciones del sistema root (/etc/passwd) fue accedido con permisos completamente privilegiados (UID=0), lo cual es normal, pero su monitoreo continuo podría detectar actividades inusuales.",8.6,phi3:mini
type=PROCTITLE msg=audit(1779746681.796:263): proctitle=7375646F00617564697463746C002D6C,INFO,El log no indica ningún comportamiento inusual ni malicioso; solo se registra la propiedad de terminal.,5.79,phi3:mini
"type=SYSCALL msg=audit(1779746681.800:265): arch=c000003e syscall=257 success=yes exit=7 a0=ffffff9c a1=7f30408222ac a2=80000 a3=0 items=1 ppid=952 pid=1247 auid=1000 uid=1000 gid=1000 euid=0 suid=0 fsuid=0 egid=1000 sgid=1000 fsgid=1000 tty=pts0 ses=1 comm=""sudo"" exe=""/usr/bin/sudo"" subj=unconfined key=""passwd_changes""ARCH=x86_64 SYSCALL=openat AUID=""alumno"" UID=""alumno"" GID=""alumno"" EUID=""root"" SUID=""root"" FSUID=""root"" EGID=""alumno"" SGID=""alumno"" FSGID=""alumno""",ALTO,"El alumnus ejecutó el comando sudo, lo cual es normal pero requiere monitoreo. La presencia del 'key' como `passwd_changes` podría sugerir intentos de modificar las credenciales o privilegios.",9.38,phi3:mini
"type=CWD msg=audit(1779746681.800:265): cwd=""/home/alumno""",INFO,El intento del alumno de cambiar el directorio no representa un riesgo a menudo porque puede ser una acción legítima durante la ejecución de scripts o aplicaciones y se debe monitorear para futuras verificaciones.,7.56,phi3:mini
"type=PATH msg=audit(1779746681.800:265): item=0 name=""/etc/passwd"" inode=1049984 dev=08:02 mode=0100644 ouid=0 ogid=0 rdev=00:00 nametype=NORMAL cap_fp=0 cap_fi=0 cap_fe=0 cap_fver=0 cap_frootid=0OUID=""root"" OGID=""root""",MEDIO,"El registro indica que el usuario root está accediendo al archivo /etc/passwd, lo cual es normal para operaciones administrativas pero requiere monitoreo.",7.01,phi3:mini
type=PROCTITLE msg=audit(1779746681.800:265): proctitle=7375646F00617564697463746C002D6C,INFORMACIÓN,"La captura del proctitle no presenta un riesgo directo por sí misma, simplemente indica el identificador de proceso y podría ser para fines legítimos como análisis o reportes.",7.61,phi3:mini
"type=SYSCALL msg=audit(1779746681.800:268): arch=c000003e syscall=257 success=yes exit=6 a0=ffffff9c a1=7f30408222ac a2=80000 a3=0 items=1 ppid=952 pid=1247 auid=1000 uid=1000 gid=1000 euid=0 suid=0 fsuid=0 egid=1000 sgid=1000 fsgid=1000 tty=pts0 ses=1 comm=""sudo"" exe=""/usr/bin/sudo"" subj=unconfined key=""passwd_changes""ARCH=x86_64 SYSCALL=openat AUID=""alumno"" UID=""alumno"" GID=""alumno"" EUID=""root"" SUID=""root"" FSUID=""root"" EGID=""alumno"" SGID=""alumno"" FSGID=""alumno""",ALTO,"Un usuario con UID alumnus intenta ejecutar sudo como root, lo cual indica un comportamiento no estándar y de alto riesgo que podría significar una amenaza para la seguridad.",8.34,phi3:mini
"type=CWD msg=audit(1779746681.800:268): cwd=""/home/alumno""",INFO,"El cambio de directorio fue realizado por el usuario alumno, lo cual no presenta riesgos adicionales si es parte del comportamiento estándar.",6.4,phi3:mini
"type=PATH msg=audit(1779746681.800:268): item=0 name=""/etc/passwd"" inode=1049984 dev=08:02 mode=0100644 ouid=0 ogid=0 rdev=00:00 nametype=NORMAL cap_fp=0 cap_fi=0 cap_fe=0 cap_fver=0 cap_frootid=0OUID=""root"" OGID=""root""",MEDIO,"La lectura del archivo /etc/passwd es normal y permite ver los usuarios autenticados, pero se recomienda monitorear para detectar intentos de acceso no autorizado.",7.5,phi3:mini
type=PROCTITLE msg=audit(1779746681.800:268): proctitle=7375646F00617564697463746C002D6C,BAJO,"El registro muestra un cambio en el proctitle que podría indicar una operación de auditoría o configuración, pero no representa inmediatamente riesgo sin contexto adicional.",7.45,phi3:mini
"type=SYSCALL msg=audit(1779746681.800:270): arch=c000003e syscall=257 success=yes exit=8 a0=ffffff9c a1=7f30408222ac a2=80000 a3=0 items=1 ppid=952 pid=1247 auid=1000 uid=1000 gid=1000 euid=0 suid=0 fsuid=0 egid=1000 sgid=1000 fsgid=1000 tty=pts0 ses=1 comm=""sudo"" exe=""/usr/bin/sudo"" subj=unconfined key=""passwd_changes""ARCH=x86_64 SYSCALL=openat AUID=""alumno"" UID=""alumno"" GID=""alumno"" EUID=""root"" SUID=""root"" FSUID=""root"" EGID=""alumno"" SGID=""alumno"" FSGID=""alumno""",ALTO,"Intento de usuario con permisos UID '1000' ejecutar sudo como root, lo cual sugiere un comportamiento sospechoso y alto riesgo para la seguridad.",8.17,phi3:mini
"type=CWD msg=audit(1779746681.800:270): cwd=""/home/alumno""",INFO,"El usuario alumno se ha cambiado de directorio, lo cual es una actividad normal y no representa un riesgo.",5.74,phi3:mini
"type=PATH msg=audit(1779746681.800:270): item=0 name=""/etc/passwd"" inode=1049984 dev=08:02 mode=0100644 ouid=0 ogid=0 rdev=00:00 nametype=NORMAL cap_fp=0 cap_fi=0 cap_fe=0 cap_fver=0 cap_frootid=0OUID=""root"" OGID=""root""",INFO,"Se registra un intento normal de acceso al archivo /etc/passwd por el usuario root, lo cual es permitido en la mayoría de los contextos.",6.7,phi3:mini
type=PROCTITLE msg=audit(1779746681.800:270): proctitle=7375646F00617564697463746C002D6C,INFO,Se observa un intento de depuración con proctitle y audit_info no asociado a amenazas reconocidas.,5.99,phi3:mini
"type=SYSCALL msg=audit(1779746681.800:271): arch=c000003e syscall=257 success=yes exit=13 a0=ffffff9c a1=7f30408222ac a2=80000 a3=0 items=1 ppid=952 pid=1247 auid=1000 uid=1000 gid=0 euid=0 suid=0 fsuid=0 egid=0 sgid=0 fsgid=0 tty=pts0 ses=1 comm=""sudo"" exe=""/usr/bin/sudo"" subj=unconfined key=""passwd_changes""ARCH=x86_64 SYSCALL=openat AUID=""alumno"" UID=""alumno"" GID=""root"" EUID=""root"" SUID=""root"" FSUID=""root"" EGID=""root"" SGID=""root"" FSGID=""root""",ALTO,"El usuario 'alumno' intentó ejecutar sudo sin privilegios elevados, lo cual es inusual y representa un riesgo alto por posibles cambios de permisos no autorizados en archivos del sistema.",8.68,phi3:mini
"type=CWD msg=audit(1779746681.800:271): cwd=""/home/alumno""",INFO,"El registro muestra un cambio de directorio usual para los usuarios, no representa riesgos.",5.63,phi3:mini
"type=PATH msg=audit(1779746681.800:271): item=0 name=""/etc/passwd"" inode=1049984 dev=08:02 mode=0100644 ouid=0 ogid=0 rdev=00:00 nametype=NORMAL cap_fp=0 cap_fi=0 cap_fe=0 cap_fver=0 cap_frootid=0OUID=""root"" OGID=""root""",INFO,"El registro muestra un acceso regular a /etc/passwd por parte del usuario root, lo cual es esperado y seguro en el contexto de Linux.",6.74,phi3:mini
type=PROCTITLE msg=audit(1779746681.800:271): proctitle=7375646F00617564697463746C002D6C,INFO,"Proctitle concreto no indica ninguna actividad insegura, solo un patrón de nombre que podría ser una herramienta para análisis o diagnóstico.",6.8,phi3:mini
"type=SYSCALL msg=audit(1779746681.800:273): arch=c000003e syscall=257 success=yes exit=13 a0=ffffff9c a1=7f30408222ac a2=80000 a3=0 items=1 ppid=952 pid=1247 auid=1000 uid=1000 gid=0 euid=0 suid=0 fsuid=0 egid=0 sgid=0 fsgid=0 tty=pts0 ses=1 comm=""sudo"" exe=""/usr/bin/sudo"" subj=unconfined key=""passwd_changes""ARCH=x86_64 SYSCALL=openat AUID=""alumno"" UID=""alumno"" GID=""root"" EUID=""root"" SUID=""root"" FSUID=""root"" EGID=""root"" SGID=""root"" FSGID=""root""",ALTO,"Usuario alumno intentó ejecutar sudo, lo cual es inusual y potencialmente peligroso sin conocer el contexto; debería ser auditado más detenidamente.",8.62,phi3:mini
"type=CWD msg=audit(1779746681.800:273): cwd=""/home/alumno""",INFO,"El usuario alumno ha cambiado su directorio de trabajo a '/home/alumno', lo cual es una acción común y no plantea riesgos inmediatos.",6.79,phi3:mini
"type=PATH msg=audit(1779746681.800:273): item=0 name=""/etc/passwd"" inode=1049984 dev=08:02 mode=0100644 ouid=0 ogid=0 rdev=00:00 nametype=NORMAL cap_fp=0 cap_fi=0 cap_fe=0 cap_fver=0 cap_frootid=0OUID=""root"" OGID=""root""",MEDIO,"La inspección de /etc/passwd es normal; sin embargo, el archivo tiene permisos estrictos y solo root puede leerlo.",6.78,phi3:mini
type=PROCTITLE msg=audit(1779746681.800:273): proctitle=7375646F00617564697463746C002D6C,INFO,No hay indicios de actividad sospechosa; se muestra solo el título del proceso.,5.47,phi3:mini
"type=SYSCALL msg=audit(1779746681.800:274): arch=c000003e syscall=257 success=yes exit=13 a0=ffffff9c a1=7f30408222ac a2=80000 a3=0 items=1 ppid=952 pid=1247 auid=1000 uid=1000 gid=0 euid=0 suid=0 fsuid=0 egid=0 sgid=0 fsgid=0 tty=pts0 ses=1 comm=""sudo"" exe=""/usr/bin/sudo"" subj=unconfined key=""passwd_changes""ARCH=x86_64 SYSCALL=openat AUID=""alumno"" UID=""alumno"" GID=""root"" EUID=""root"" SUID=""root"" FSUID=""root"" EGID=""root"" SGID=""root"" FSGID=""root""",ALTO,"El registro revela un intento de ejecución no autorizada como root para sudo por parte del usuario alumno, lo cual puede sugerir una intención maliciosa o negligencia.",7.81,phi3:mini
"type=CWD msg=audit(1779746681.800:274): cwd=""/home/alumno""",INFO,El intento de cambiar directorio es normal y no representa un riesgo para la seguridad.,5.27,phi3:mini
"type=PATH msg=audit(1779746681.800:274): item=0 name=""/etc/passwd"" inode=1049984 dev=08:02 mode=0100644 ouid=0 ogid=0 rdev=00:00 nametype=NORMAL cap_fp=0 cap_fi=0 cap_fe=0 cap_fver=0 cap_frootid=0OUID=""root"" OGID=""root""",INFO,La lectura del archivo /etc/passwd por el usuario root es una operación estándar y no presenta riesgos para la seguridad.,6.53,phi3:mini
type=PROCTITLE msg=audit(1779746681.800:274): proctitle=7375646F00617564697463746C002D6C,INFO,"La entrada se refiere a un título de proceso que contiene 'log', lo cual es común en sistemas operativos y no indica ninguna actividad maliciosa.",6.59,phi3:mini
"type=SYSCALL msg=audit(1779746681.800:275): arch=c000003e syscall=257 success=yes exit=13 a0=ffffff9c a1=7f30408222ac a2=80000 a3=0 items=1 ppid=952 pid=1247 auid=1000 uid=1000 gid=0 euid=0 suid=0 fsuid=0 egid=0 sgid=0 fsgid=0 tty=pts0 ses=1 comm=""sudo"" exe=""/usr/bin/sudo"" subj=unconfined key=""passwd_changes""ARCH=x86_64 SYSCALL=openat AUID=""alumno"" UID=""alumno"" GID=""root"" EUID=""root"" SUID=""root"" FSUID=""root"" EGID=""root"" SGID=""root"" FSGID=""root""",ALTO,"El comando sudo parece intentar acceder a directorios críticos sin especificar un binario seguro, con la variable de entorno 'key' que indica cambios en archivos paswords.",8.04,phi3:mini
"type=CWD msg=audit(1779746681.800:275): cwd=""/home/alumno""",INFO,"El usuario alumno se está moviendo dentro de su directorio personal, lo cual es esperable y no indica riesgos significativos.",6.13,phi3:mini
"type=PATH msg=audit(1779746681.800:275): item=0 name=""/etc/passwd"" inode=1049984 dev=08:02 mode=0100644 ouid=0 ogid=0 rdev=00:00 nametype=NORMAL cap_fp=0 cap_fi=0 cap_fe=0 cap_fver=0 cap_frootid=0OUID=""root"" OGID=""root""",MEDIO,"El archivo /etc/passwd es crítico, pero el auditor logro observar que solo hubo una consulta sin modificación ni intentos de escritura.",7.0,phi3:mini
type=PROCTITLE msg=audit(1779746681.800:275): proctitle=7375646F00617564697463746C002D6C,INFO,"Se observa un cambio en la tittle de proceso que no contiene datos sugestivos directos del riesgo, pero meramente indica una posible actualización.",6.25,phi3:mini
"type=SYSCALL msg=audit(1779746897.044:281): arch=c000003e syscall=257 success=yes exit=3 a0=ffffff9c a1=7ffd34db0772 a2=0 a3=0 items=1 ppid=952 pid=1256 auid=1000 uid=1000 gid=1000 euid=1000 suid=1000 fsuid=1000 egid=1000 sgid=1000 fsgid=1000 tty=pts0 ses=1 comm=""cat"" exe=""/usr/bin/cat"" subj=unconfined key=""passwd_changes""ARCH=x86_64 SYSCALL=openat AUID=""alumno"" UID=""alumno"" GID=""alumno"" EUID=""alumno"" SUID=""alumno"" FSUID=""alumno"" EGID=""alumno"" SGID=""alumno"" FSGID=""alumno""",MEDIO,"El comando cat no revela datos sensibles, pero la repetición en SELinux (key='passwd_changes') sugiere manejo inusual de cambios del directorio /etc/passwd.",8.39,phi3:mini
"type=CWD msg=audit(1779746897.044:281): cwd=""/home/alumno""",MEDIO,"El acceso al directorio home del usuario 'alumno' es normal para actividades diarias, pero requiere monitoreo por políticas de seguridad.",6.46,phi3:mini
"type=PATH msg=audit(1779746897.044:281): item=0 name=""/etc/passwd"" inode=1049984 dev=08:02 mode=0100644 ouid=0 ogid=0 rdev=00:00 nametype=NORMAL cap_fp=0 cap_fi=0 cap_fe=0 cap_fver=0 cap_frootid=0OUID=""root"" OGID=""root""",INFO,Se registra la lectura normal del archivo /etc/passwd por el usuario root con permisos adecuados y sin indicar un comportamiento sospechoso.,6.89,phi3:mini
type=PROCTITLE msg=audit(1779746897.044:281): proctitle=636174002F6574632F706173737764,INFO,"El log muestra el título del proceso en formato proctitle, que es una convención de nombres para fines de identificación y no indica ninguna acción maliciosa.",6.89,phi3:mini
"type=SYSCALL msg=audit(1779747001.360:283): arch=c000003e syscall=257 success=yes exit=5 a0=ffffff9c a1=7f257e9062ac a2=80000 a3=0 items=1 ppid=1 pid=1257 auid=4294967295 uid=0 gid=0 euid=0 suid=0 fsuid=0 egid=0 sgid=0 fsgid=0 tty=(none) ses=4294967295 comm=""systemd-tmpfile"" exe=""/usr/bin/systemd-tmpfiles"" subj=unconfined key=""passwd_changes""ARCH=x86_64 SYSCALL=openat AUID=""unset"" UID=""root"" GID=""root"" EUID=""root"" SUID=""root"" FSUID=""root"" EGID=""root"" SGID=""root"" FSGID=""root""",INFO,"Lectura segura de directorios por systemd-tmpfiles, operación administrativa estándar.",6.51,phi3:mini
"type=CWD msg=audit(1779747001.360:283): cwd=""/""",ERROR_PARSE,"FALLO_LLM: {""riesgo"": ""INFO"", ""justificacion"": ""El cambio de directorio (cwd) al directorio raíz (""                               ...",7.16,phi3:mini
"type=PATH msg=audit(1779747001.360:283): item=0 name=""/etc/passwd"" inode=1049984 dev=08:02 mode=0100644 ouid=0 ogid=0 rdev=00:00 nametype=NORMAL cap_fp=0 cap_fi=0 cap_fe=0 cap_fver=0 cap_frootid=0OUID=""root"" OGID=""root""",INFO,"La lectura de /etc/passwd es típica y está autorizada por el UID root, representando riesgos mínimos.",6.67,phi3:mini
type=PROCTITLE msg=audit(1779747001.360:283): proctitle=73797374656D642D746D7066696C6573002D2D636C65616E,INFO,El log indica que se ha abierto una terminal con el proctitle indicando un nombre común de usuario y no contiene señales inusuales.,6.33,phi3:mini
"type=SYSCALL msg=audit(1779747001.360:284): arch=c000003e syscall=257 success=yes exit=5 a0=ffffff9c a1=7f257e9062ac a2=80000 a3=0 items=1 ppid=1 pid=1257 auid=4294967295 uid=0 gid=0 euid=0 suid=0 fsuid=0 egid=0 sgid=0 fsgid=0 tty=(none) ses=4294967295 comm=""systemd-tmpfile"" exe=""/usr/bin/systemd-tmpfiles"" subj=unconfined key=""passwd_changes""ARCH=x86_64 SYSCALL=openat AUID=""unset"" UID=""root"" GID=""root"" EUID=""root"" SUID=""root"" FSUID=""root"" EGID=""root"" SGID=""root"" FSGID=""root""",INFO,"El comando systemd-tmpfile se ejecutó sin riesgos evidentes, indicativo de una operación administrativa normal para asignar archivos temporales.",7.38,phi3:mini
"type=CWD msg=audit(1779747001.360:284): cwd=""/""",INFO,Se nota un cambio de directorio pero sin evidencia adicional que indique una actividad maliciosa.,5.39,phi3:mini
"type=PATH msg=audit(1779747001.360:284): item=0 name=""/etc/passwd"" inode=1049984 dev=08:02 mode=0100644 ouid=0 ogid=0 rdev=00:00 nametype=NORMAL cap_fp=0 cap_fi=0 cap_fe=0 cap_fver=0 cap_frootid=0OUID=""root"" OGID=""root""",INFO,"El registro muestra el acceso normal al directorio /etc/passwd por parte del usuario root, sin indicadores de actividad sospechosa.",6.59,phi3:mini
type=PROCTITLE msg=audit(1779747001.360:284): proctitle=73797374656D642D746D7066696C6573002D2D636C65616E,BAJO,"Se observan cambios en el titulo del proceso indicativos de medidas para ocultar o camuflar la identidad, pero no hay riesgos inmediatos a considerar.",7.04,phi3:mini
"type=SYSCALL msg=audit(1779747001.360:285): arch=c000003e syscall=257 success=yes exit=5 a0=ffffff9c a1=7f257e9062ac a2=80000 a3=0 items=1 ppid=1 pid=1257 auid=4294967295 uid=0 gid=0 euid=0 suid=0 fsuid=0 egid=0 sgid=0 fsgid=0 tty=(none) ses=4294967295 comm=""systemd-tmpfile"" exe=""/usr/bin/systemd-tmpfiles"" subj=unconfined key=""passwd_changes""ARCH=x86_64 SYSCALL=openat AUID=""unset"" UID=""root"" GID=""root"" EUID=""root"" SUID=""root"" FSUID=""root"" EGID=""root"" SGID=""root"" FSGID=""root""",MEDIO,"El proceso systemd-tmpfiles tiene permisos de root para modificar archivos en el directorio /run/systemd/, lo cual es estándar, pero dado que los logs muestran cambios al paswd, podría indicarse un nivel moderado de riesgo por posibles intentos indirectos de acceso no autorizado.",10.7,phi3:mini
"type=CWD msg=audit(1779747001.360:285): cwd=""/""",INFO,"Intento de cambiar el directorio raíz, lo cual es inusual y podría indicar una búsqueda maliciosa por motivos de explotación.",6.37,phi3:mini
"type=PATH msg=audit(1779747001.360:285): item=0 name=""/etc/passwd"" inode=1049984 dev=08:02 mode=0100644 ouid=0 ogid=0 rdev=00:00 nametype=NORMAL cap_fp=0 cap_fi=0 cap_fe=0 cap_fver=0 cap_frootid=0OUID=""root"" OGID=""root""",INFO,"La auditoría registra la lectura de /etc/passwd, que es una operación segura normal para un usuario root y no indica ninguna actividad sospechosa.",7.19,phi3:mini
type=PROCTITLE msg=audit(1779747001.360:285): proctitle=73797374656D642D746D7066696C6573002D2D636C65616E,INFO,"El registro muestra un intento de seguimiento del título del proceso con caracteres hexadecimales típicos (74656D...), lo cual es común y no indica ninguna actividad maliciosa.",7.73,phi3:mini
"type=SYSCALL msg=audit(1779747001.360:286): arch=c000003e syscall=257 success=yes exit=5 a0=ffffff9c a1=7f257e9062ac a2=80000 a3=0 items=1 ppid=1 pid=1257 auid=4294967295 uid=0 gid=0 euid=0 suid=0 fsuid=0 egid=0 sgid=0 fsgid=0 tty=(none) ses=4294967295 comm=""systemd-tmpfile"" exe=""/usr/bin/systemd-tmpfiles"" subj=unconfined key=""passwd_changes""ARCH=x86_64 SYSCALL=openat AUID=""unset"" UID=""root"" GID=""root"" EUID=""root"" SUID=""root"" FSUID=""root"" EGID=""root"" SGID=""root"" FSGID=""root""",MEDIO,"Se registró un acceso exitoso a /dev/shm por el sistema, que es normal para la operación de systemd-tmpfiles; sin embargo, se debe confirmar si los permisos son correctos.",8.36,phi3:mini
"type=CWD msg=audit(1779747001.360:286): cwd=""/""",BAJO,El registro muestra un cambio de directorio normal a la raíz y no presenta riesgos inmediatos.,5.55,phi3:mini
"type=PATH msg=audit(1779747001.360:286): item=0 name=""/etc/passwd"" inode=1049984 dev=08:02 mode=0100644 ouid=0 ogid=0 rdev=00:00 nametype=NORMAL cap_fp=0 cap_fi=0 cap_fe=0 cap_fver=0 cap_frootid=0OUID=""root"" OGID=""root""",INFO,"La auditoría revela un acceso seguro a /etc/passwd por parte del usuario root, lo cual es una operación normal y esperada en Linux. No hay riesgos inmediatos detectados.",7.61,phi3:mini
type=PROCTITLE msg=audit(1779747001.360:286): proctitle=73797374656D642D746D7066696C6573002D2D636C65616E,INFO,"El proctitle indica que el proceso actual es /usr/bin/tmpt, un comando estándar de sysvinit.org para comenzar programas.",6.57,phi3:mini
"type=SYSCALL msg=audit(1779747001.360:287): arch=c000003e syscall=257 success=yes exit=5 a0=ffffff9c a1=7f257e9062ac a2=80000 a3=0 items=1 ppid=1 pid=1257 auid=4294967295 uid=0 gid=0 euid=0 suid=0 fsuid=0 egid=0 sgid=0 fsgid=0 tty=(none) ses=4294967295 comm=""systemd-tmpfile"" exe=""/usr/bin/systemd-tmpfiles"" subj=unconfined key=""passwd_changes""ARCH=x86_64 SYSCALL=openat AUID=""unset"" UID=""root"" GID=""root"" EUID=""root"" SUID=""root"" FSUID=""root"" EGID=""root"" SGID=""root"" FSGID=""root""",MEDIO,"El sistemad-tmpfiles ejecutado como root con permisos para modificar archivos de usuario/grupo, podría indicar actividades legítimas o anormales sin más contexto.",8.07,phi3:mini
"type=CWD msg=audit(1779747001.360:287): cwd=""/""",INFO,"El usuario ha cambiado de directorio al inicial y final, lo cual es típico en el acceso regular a la máquina.",5.91,phi3:mini
"type=PATH msg=audit(1779747001.360:287): item=0 name=""/etc/passwd"" inode=1049984 dev=08:02 mode=0100644 ouid=0 ogid=0 rdev=00:00 nametype=NORMAL cap_fp=0 cap_fi=0 cap_fe=0 cap_fver=0 cap_frootid=0OUID=""root"" OGID=""root""",INFO,"Se registra la lectura normal del archivo /etc/passwd por parte de root, que es una operación segura y esperada en el sistema.",6.43,phi3:mini
type=PROCTITLE msg=audit(1779747001.360:287): proctitle=73797374656D642D746D7066696C6573002D2D636C65616E,MEDIO,"La acción de proctitle podría indicar manipulación de la denominación del proceso, que normalmente no representa un riesgo directo para la seguridad pero merece una investigación adicional.",7.55,phi3:mini
"type=SYSCALL msg=audit(1779747001.360:288): arch=c000003e syscall=257 success=yes exit=5 a0=ffffff9c a1=7f257e9062ac a2=80000 a3=0 items=1 ppid=1 pid=1257 auid=4294967295 uid=0 gid=0 euid=0 suid=0 fsuid=0 egid=0 sgid=0 fsgid=0 tty=(none) ses=4294967295 comm=""systemd-tmpfile"" exe=""/usr/bin/systemd-tmpfiles"" subj=unconfined key=""passwd_changes""ARCH=x86_64 SYSCALL=openat AUID=""unset"" UID=""root"" GID=""root"" EUID=""root"" SUID=""root"" FSUID=""root"" EGID=""root"" SGID=""root"" FSGID=""root""",INFO,"El usuario root ha cambiado las configuraciones del directorio /tmp, lo cual es una tarea administrativa estándar y no presenta riesgo inmediato.",7.48,phi3:mini
"type=CWD msg=audit(1779747001.360:288): cwd=""/""",BAJO,"La operación de cambio de directorio (cwd) a la raíz del sistema es común y normal en varias tareas, aunque requiere un monitoreo adecuado para detectar posibles abusos.",7.41,phi3:mini
"type=PATH msg=audit(1779747001.360:288): item=0 name=""/etc/passwd"" inode=1049984 dev=08:02 mode=0100644 ouid=0 ogid=0 rdev=00:00 nametype=NORMAL cap_fp=0 cap_fi=0 cap_fe=0 cap_fver=0 cap_frootid=0OUID=""root"" OGID=""root""",MEDIO,"Auditoría normal con acceso root al archivo paswd, esto puede indicar una configuración inadecuada o auditd activado en el sistema.",6.89,phi3:mini
type=PROCTITLE msg=audit(1779747001.360:288): proctitle=73797374656D642D746D7066696C6573002D2D636C65616E,INFO,"Proctitle parece representar el nombre del usuario ejecutando la sesión, lo cual es informativo para rastreo de eventos y no indica riesgo.",6.65,phi3:mini
"type=SYSCALL msg=audit(1779747001.360:289): arch=c000003e syscall=257 success=yes exit=5 a0=ffffff9c a1=7f257e9062ac a2=80000 a3=0 items=1 ppid=1 pid=1257 auid=4294967295 uid=0 gid=0 euid=0 suid=0 fsuid=0 egid=0 sgid=0 fsgid=0 tty=(none) ses=4294967295 comm=""systemd-tmpfile"" exe=""/usr/bin/systemd-tmpfiles"" subj=unconfined key=""passwd_changes""ARCH=x86_64 SYSCALL=openat AUID=""unset"" UID=""root"" GID=""root"" EUID=""root"" SUID=""root"" FSUID=""root"" EGID=""root"" SGID=""root"" FSGID=""root""",INFO,"La ejecución de systemd-tmpfile con permisos root es normal para la actualización del sistema, no representa un riesgo significativo.",6.9,phi3:mini
"type=CWD msg=audit(1779747001.360:289): cwd=""/""",BAJO,"La acción de mudanza del directorio root no es normalmente una operación crítica, aunque siempre se debe verificar que el cambio sea autorizado.",6.24,phi3:mini
"type=PATH msg=audit(1779747001.360:289): item=0 name=""/etc/passwd"" inode=1049984 dev=08:02 mode=0100644 ouid=0 ogid=0 rdev=00:00 nametype=NORMAL cap_fp=0 cap_fi=0 cap_fe=0 cap_fver=0 cap_frootid=0OUID=""root"" OGID=""root""",INFO,"El registro muestra un intento normal de acceso por parte del usuario root a través del archivo /etc/passwd, sin indicadores inusuales que sugieran una amenaza.",7.24,phi3:mini
type=PROCTITLE msg=audit(1779747001.360:289): proctitle=73797374656D642D746D7066696C6573002D2D636C65616E,BAJO,"El proctitle parece indicar que el sistema estaba gestionando una tarea denominada 'mysqld' al momento del audit, lo cual es normal y no sugiere un riesgo elevado.",7.41,phi3:mini
"type=SYSCALL msg=audit(1779747001.360:290): arch=c000003e syscall=257 success=yes exit=5 a0=ffffff9c a1=7f257e9062ac a2=80000 a3=0 items=1 ppid=1 pid=1257 auid=4294967295 uid=0 gid=0 euid=0 suid=0 fsuid=0 egid=0 sgid=0 fsgid=0 tty=(none) ses=4294967295 comm=""systemd-tmpfile"" exe=""/usr/bin/systemd-tmpfiles"" subj=unconfined key=""passwd_changes""ARCH=x86_64 SYSCALL=openat AUID=""unset"" UID=""root"" GID=""root"" EUID=""root"" SUID=""root"" FSUID=""root"" EGID=""root"" SGID=""root"" FSGID=""root""",INFO,"Una acción legítima, como modificar archivos temporales a través de systemd-tmpfile.",6.42,phi3:mini
"type=CWD msg=audit(1779747001.360:290): cwd=""/""",INFO,El usuario ha cambiado de directorio al directorio raíz sin indicaciones anormales que sugieran una actividad maliciosa.,5.9,phi3:mini
"type=PATH msg=audit(1779747001.360:290): item=0 name=""/etc/passwd"" inode=1049984 dev=08:02 mode=0100644 ouid=0 ogid=0 rdev=00:00 nametype=NORMAL cap_fp=0 cap_fi=0 cap_fe=0 cap_fver=0 cap_frootid=0OUID=""root"" OGID=""root""",INFO,"El usuario root accedió al archivo /etc/passwd con los permisos adecuados para la lectura, lo cual es normal y seguro en entornos de Linux.",7.07,phi3:mini
type=PROCTITLE msg=audit(1779747001.360:290): proctitle=73797374656D642D746D7066696C6573002D2D636C65616E,INFO,"Se registró la consulta de proceso con el nombre 'proc-tdm-tmpfiles', lo cual es una operación normal para manejar archivos temporales, sin indicar ningún comportamiento anómalo.",7.4,phi3:mini
"type=SYSCALL msg=audit(1779747001.360:291): arch=c000003e syscall=257 success=yes exit=5 a0=ffffff9c a1=7f257e9062ac a2=80000 a3=0 items=1 ppid=1 pid=1257 auid=4294967295 uid=0 gid=0 euid=0 suid=0 fsuid=0 egid=0 sgid=0 fsgid=0 tty=(none) ses=4294967295 comm=""systemd-tmpfile"" exe=""/usr/bin/systemd-tmpfiles"" subj=unconfined key=""passwd_changes""ARCH=x86_64 SYSCALL=openat AUID=""unset"" UID=""root"" GID=""root"" EUID=""root"" SUID=""root"" FSUID=""root"" EGID=""root"" SGID=""root"" FSGID=""root""",MEDIO,"El usuario root intento modificar archivos del directorio /tmp con 'systemd-tmpfiles', lo cual es un comportamiento no malicioso, pero debería ser controlado para evitar manipulaciones.",8.29,phi3:mini
"type=CWD msg=audit(1779747001.360:291): cwd=""/""",INFO,Se observa un cambio de directorio pero no hay indicios directos de una amenaza.,4.99,phi3:mini
"type=PATH msg=audit(1779747001.360:291): item=0 name=""/etc/passwd"" inode=1049984 dev=08:02 mode=0100644 ouid=0 ogid=0 rdev=00:00 nametype=NORMAL cap_fp=0 cap_fi=0 cap_fe=0 cap_fver=0 cap_frootid=0OUID=""root"" OGID=""root""",BAJO,"El registro muestra un acceso normal al directorio /etc/ con permisos estáticos y sin actividad adicional, por lo que no hay indicios de comportamiento sospechoso.",7.58,phi3:mini
type=PROCTITLE msg=audit(1779747001.360:291): proctitle=73797374656D642D746D7066696C6573002D2D636C65616E,MEDIO,"Se puede observar que el comando invocado podría indicar un intento de explotación, aunque no hay detalles específicos sobre la intención o las consecuencias directas del mismo en este registro solo.",7.77,phi3:mini
"type=SYSCALL msg=audit(1779747001.360:292): arch=c000003e syscall=257 success=yes exit=5 a0=ffffff9c a1=7f257e9062ac a2=80000 a3=0 items=1 ppid=1 pid=1257 auid=4294967295 uid=0 gid=0 euid=0 suid=0 fsuid=0 egid=0 sgid=0 fsgid=0 tty=(none) ses=4294967295 comm=""systemd-tmpfile"" exe=""/usr/bin/systemd-tmpfiles"" subj=unconfined key=""passwd_changes""ARCH=x86_64 SYSCALL=openat AUID=""unset"" UID=""root"" GID=""root"" EUID=""root"" SUID=""root"" FSUID=""root"" EGID=""root"" SGID=""root"" FSGID=""root""",BAJO,"El comando systemd-tmpfile se ejecutó con privilegios de superusuario, lo cual es normal para su funcionamiento pero no representa un riesgo directo según el registro.",7.99,phi3:mini
"type=CWD msg=audit(1779747001.360:292): cwd=""/""",ERROR_PARSE,"FALLO_LLM: {""riesgo"": ""BAJO"", ""justificacion"": ""El intento de cambiar el directorio actual (cwd) al directorio raíz (""                               ...",7.59,phi3:mini
"type=PATH msg=audit(1779747001.360:292): item=0 name=""/etc/passwd"" inode=1049984 dev=08:02 mode=0100644 ouid=0 ogid=0 rdev=00:00 nametype=NORMAL cap_fp=0 cap_fi=0 cap_fe=0 cap_fver=0 cap_frootid=0OUID=""root"" OGID=""root""",BAJO,"La ejecución de auditctl para monitorear el acceso al directorio /etc/passwd es una práctica común y necesaria, dado que este archivo contiene datos sensibles pero está protegido por los permisos adecuados.",8.49,phi3:mini
type=PROCTITLE msg=audit(1779747001.360:292): proctitle=73797374656D642D746D7066696C6573002D2D636C65616E,INFO,"El registro de la etiqueta del proceso muestra el nombre 'bash' con un intento fallido para obtener privilegios adicionales, lo cual indica que el usuario ha iniciado sesión desde una consola normal sin manipularse.",8.06,phi3:mini
"type=SYSCALL msg=audit(1779747001.360:293): arch=c000003e syscall=257 success=yes exit=5 a0=ffffff9c a1=7f257e9062ac a2=80000 a3=0 items=1 ppid=1 pid=1257 auid=4294967295 uid=0 gid=0 euid=0 suid=0 fsuid=0 egid=0 sgid=0 fsgid=0 tty=(none) ses=4294967295 comm=""systemd-tmpfile"" exe=""/usr/bin/systemd-tmpfiles"" subj=unconfined key=""passwd_changes""ARCH=x86_64 SYSCALL=openat AUID=""unset"" UID=""root"" GID=""root"" EUID=""root"" SUID=""root"" FSUID=""root"" EGID=""root"" SGID=""root"" FSGID=""root""",ALTO,"Cambios no autorizados en el archivo /tmp por usuario root (exit=5) implica una acción de alto riesgo, posiblemente para manipular sistemas o obtener privilegios maliciosamente.",8.56,phi3:mini
"type=CWD msg=audit(1779747001.360:293): cwd=""/""",INFO,El intento de cambiar el directorio de trabajo (cwd) al directorio raíz (//) es común para administradores y no plantea un riesgo inmediato.,6.71,phi3:mini
"type=PATH msg=audit(1779747001.360:293): item=0 name=""/etc/passwd"" inode=1049984 dev=08:02 mode=0100644 ouid=0 ogid=0 rdev=00:00 nametype=NORMAL cap_fp=0 cap_fi=0 cap_fe=0 cap_fver=0 cap_frootid=0OUID=""root"" OGID=""root""",MEDIO,"La entrada al archivo /etc/passwd con uid root indica la ejecución de un comando por parte del superusuario, lo cual es normal pero requiere monitoreo.",7.28,phi3:mini
type=PROCTITLE msg=audit(1779747001.360:293): proctitle=73797374656D642D746D7066696C6573002D2D636C65616E,INFO,El uso de proctitle no implica riesgo directo siempre y cuando sea parte del protocolo de monitoreo utilizado por administradores.,6.07,phi3:mini
"type=SYSCALL msg=audit(1779747078.640:296): arch=c000003e syscall=257 success=yes exit=3 a0=ffffff9c a1=7ffec15be770 a2=0 a3=0 items=1 ppid=952 pid=1261 auid=1000 uid=1000 gid=1000 euid=1000 suid=1000 fsuid=1000 egid=1000 sgid=1000 fsgid=1000 tty=pts0 ses=1 comm=""tail"" exe=""/usr/bin/tail"" subj=unconfined key=""passwd_changes""ARCH=x86_64 SYSCALL=openat AUID=""alumno"" UID=""alumno"" GID=""alumno"" EUID=""alumno"" SUID=""alumno"" FSUID=""alumno"" EGID=""alumno"" SGID=""alumno"" FSGID=""alumno""",MEDIO,"El usuario alumno con credenciales compartidas está realizando una operación segura, sin embargo, el acceso a archivos de nivel único podría representar un riesgo si hay malas prácticas adicionales.",9.14,phi3:mini
"type=CWD msg=audit(1779747078.640:296): cwd=""/home/alumno""",INFO,El cambio de directorio al home folder del usuario 'alumno' es una acción normal y no presenta riesgo.,5.59,phi3:mini
"type=PATH msg=audit(1779747078.640:296): item=0 name=""/etc/passwd"" inode=1049984 dev=08:02 mode=0100644 ouid=0 ogid=0 rdev=00:00 nametype=NORMAL cap_fp=0 cap_fi=0 cap_fe=0 cap_fver=0 cap_frootid=0OUID=""root"" OGID=""root""",INFO,"El archivo /etc/passwd, esencial para la infraestructura del sistema, ha sido accesado por el usuario root sin actividades adicionales en este registro.",7.16,phi3:mini
type=PROCTITLE msg=audit(1779747078.640:296): proctitle=7461696C002D6E0035002F6574632F706173737764,BAJO,El registro muestra un cambio en la bandera del título de proceso que corresponde a una ruta común para scripts o comandos. No hay indicaciones inmediatas de comportamiento anómalo.,8.26,phi3:mini
"type=SYSCALL msg=audit(1779747166.340:297): arch=c000003e syscall=257 success=yes exit=3 a0=ffffff9c a1=7ffe23786770 a2=100 a3=0 items=1 ppid=952 pid=1265 auid=1000 uid=1000 gid=1000 euid=1000 suid=1000 fsuid=1000 egid=1000 sgid=1000 fsgid=1000 tty=pts0 ses=1 comm=""grep"" exe=""/usr/bin/grep"" subj=unconfined key=""passwd_changes""ARCH=x86_64 SYSCALL=openat AUID=""alumno"" UID=""alumno"" GID=""alumno"" EUID=""alumno"" SUID=""alumno"" FSUID=""alumno"" EGID=""alumno"" SGID=""alumno"" FSGID=""alumno""",INFO,"El alumno ejecutó grep sin problemas para buscar dentro del directorio, lo cual es un uso estándar de permisos y no indica ninguna actividad sospechosa.",8.08,phi3:mini
"type=CWD msg=audit(1779747166.340:297): cwd=""/home/alumno""",INFO,"El log muestra que el usuario ha cambiado de directorio, lo cual es una operación básica y generalmente no representa un riesgo.",6.16,phi3:mini
"type=PATH msg=audit(1779747166.340:297): item=0 name=""/etc/passwd"" inode=1049984 dev=08:02 mode=0100644 ouid=0 ogid=0 rdev=00:00 nametype=NORMAL cap_fp=0 cap_fi=0 cap_fe=0 cap_fver=0 cap_frootid=0OUID=""root"" OGID=""root""",INFO,"El usuario root accedió de forma normal al archivo /etc/passwd, lo cual es esperado y no representa un riesgo para la seguridad del sistema.",6.9,phi3:mini
type=PROCTITLE msg=audit(1779747166.340:297): proctitle=67726570002D2D636F6C6F723D6175746F00726F6F74002F6574632F706173737764,MEDIO,"Se observa un cambio en el título del proceso que podría indicar una actividad sospechosa, posiblemente maliciosa o no autorizada.",6.53,phi3:mini
"type=SYSCALL msg=audit(1779747406.352:298): arch=c000003e syscall=257 success=yes exit=3 a0=ffffff9c a1=7fbab0a582ac a2=80000 a3=0 items=1 ppid=952 pid=1276 auid=1000 uid=1000 gid=1000 euid=0 suid=0 fsuid=0 egid=1000 sgid=1000 fsgid=1000 tty=pts0 ses=1 comm=""sudo"" exe=""/usr/bin/sudo"" subj=unconfined key=""passwd_changes""ARCH=x86_64 SYSCALL=openat AUID=""alumno"" UID=""alumno"" GID=""alumno"" EUID=""root"" SUID=""root"" FSUID=""root"" EGID=""alumno"" SGID=""alumno"" FSGID=""alumno""",ALTO,"El alumno intentó ejecutar sudo, que es una herramienta administrativa poderosa. Sin embargo, el usuario 'root' tiene permisos de superusuario y normalmente no se utiliza para comandos cotidianos.",8.92,phi3:mini
"type=CWD msg=audit(1779747406.352:298): cwd=""/home/alumno""",INFO,La operación de cambiar directorio (cwd) es una acción común y no presenta riesgos.,5.42,phi3:mini
"type=PATH msg=audit(1779747406.352:298): item=0 name=""/etc/passwd"" inode=1049984 dev=08:02 mode=0100644 ouid=0 ogid=0 rdev=00:00 nametype=NORMAL cap_fp=0 cap_fi=0 cap_fe=0 cap_fver=0 cap_frootid=0OUID=""root"" OGID=""root""",INFO,"Usuario root accedió de manera normal a un archivo estándar, como el /etc/passwd que es requerido para el funcionamiento del sistema y no representa riesgos.",7.47,phi3:mini
type=PROCTITLE msg=audit(1779747406.352:298): proctitle=7375646F006175736561726368002D6B007061737377645F6368616E676573002D2D726177,INFO,"Se verifica un cambio de título del proceso, que es una operación común para identificar el estado actual y la ejecución sin indicar ninguna actividad sospechosa.",7.14,phi3:mini
"type=SYSCALL msg=audit(1779747406.356:299): arch=c000003e syscall=257 success=yes exit=5 a0=ffffff9c a1=7fbab0a582ac a2=80000 a3=0 items=1 ppid=952 pid=1276 auid=1000 uid=1000 gid=1000 euid=0 suid=0 fsuid=0 egid=1000 sgid=1000 fsgid=1000 tty=pts0 ses=1 comm=""sudo"" exe=""/usr/bin/sudo"" subj=unconfined key=""passwd_changes""ARCH=x86_64 SYSCALL=openat AUID=""alumno"" UID=""alumno"" GID=""alumno"" EUID=""root"" SUID=""root"" FSUID=""root"" EGID=""alumno"" SGID=""alumno"" FSGID=""alumno""",ALTO,"El usuario alumno realiza una operación con sudo sin ser root, mostrando posible intento de acceso no autorizado y modificaciones a permisos del sistema.",7.61,phi3:mini
"type=CWD msg=audit(1779747406.356:299): cwd=""/home/alumno""",INFO,"El log muestra el cambio de directorio al home del usuario 'alumno', lo cual es una operación normal y no representa un riesgo significativo.",6.28,phi3:mini
"type=PATH msg=audit(1779747406.356:299): item=0 name=""/etc/passwd"" inode=1049984 dev=08:02 mode=0100644 ouid=0 ogid=0 rdev=00:00 nametype=NORMAL cap_fp=0 cap_fi=0 cap_fe=0 cap_fver=0 cap_frootid=0OUID=""root"" OGID=""root""",INFO,"La lectura del archivo /etc/passwd es una operación normal y la auditoría indica que se realizó como usuario root, lo cual no representa un riesgo para el sistema.",7.19,phi3:mini
type=PROCTITLE msg=audit(1779747406.356:299): proctitle=7375646F006175736561726368002D6B007061737377645F6368616E676573002D2D726177,INFORMACIÓN,"Se observa un comportamiento normal al cambiar el proctitle para indicar la ejecución de una aplicación, sin signos claros de actividad maliciosa.",6.95,phi3:mini
"type=SYSCALL msg=audit(1779747406.356:300): arch=c000003e syscall=257 success=yes exit=5 a0=ffffff9c a1=7fbab0a582ac a2=80000 a3=0 items=1 ppid=952 pid=1276 auid=1000 uid=1000 gid=1000 euid=0 suid=0 fsuid=0 egid=1000 sgid=1000 fsgid=1000 tty=pts0 ses=1 comm=""sudo"" exe=""/usr/bin/sudo"" subj=unconfined key=""passwd_changes""ARCH=x86_64 SYSCALL=openat AUID=""alumno"" UID=""alumno"" GID=""alumno"" EUID=""root"" SUID=""root"" FSUID=""root"" EGID=""alumno"" SGID=""alumno"" FSGID=""alumno""",ALTO,"El usuario no identificado (AUID='alumno') con permiso root intentó ejecutar sudo, lo que puede sugerir un posible uso malicioso o una falta de seguimiento adecuada en las políticas de seguridad.",8.83,phi3:mini
"type=CWD msg=audit(1779747406.356:300): cwd=""/home/alumno""",INFO,El cambio de directorio en el sistema es un comportamiento normal y no representa riesgo asociado a la seguridad.,5.64,phi3:mini
"type=PATH msg=audit(1779747406.356:300): item=0 name=""/etc/passwd"" inode=1049984 dev=08:02 mode=0100644 ouid=0 ogid=0 rdev=00:00 nametype=NORMAL cap_fp=0 cap_fi=0 cap_fe=0 cap_fver=0 cap_frootid=0OUID=""root"" OGID=""root""",INFO,"La auditoría indica un acceso a /etc/passwd con permisos normalizados (mode = rw-, no owner write protection), que es una práctica estándar para la operación de sistemas y administración del sistema.",8.24,phi3:mini
type=PROCTITLE msg=audit(1779747406.356:300): proctitle=7375646F006175736561726368002D6B007061737377645F6368616E676573002D2D726177,MEDIO,"Modificación del proctitle que podría indicar una manipulación de la información para esconder o simular el tipo de sesión, aunque esto por solosele puede ser legítimo y no necesariamente representa un riesgo significativo sin más contexto.",8.45,phi3:mini
"type=SYSCALL msg=audit(1779747406.360:302): arch=c000003e syscall=257 success=yes exit=7 a0=ffffff9c a1=7fbab0a582ac a2=80000 a3=0 items=1 ppid=952 pid=1276 auid=1000 uid=1000 gid=1000 euid=0 suid=0 fsuid=0 egid=1000 sgid=1000 fsgid=1000 tty=pts0 ses=1 comm=""sudo"" exe=""/usr/bin/sudo"" subj=unconfined key=""passwd_changes""ARCH=x86_64 SYSCALL=openat AUID=""alumno"" UID=""alumno"" GID=""alumno"" EUID=""root"" SUID=""root"" FSUID=""root"" EGID=""alumno"" SGID=""alumno"" FSGID=""alumno""",ALTO,"El anonimo intento de ejecución con sudo (usuario alumno), sin contraseña y usuario root, podría ser un indicativo de una táctica 'pass the hash' o similar que intenta explotar vulnerabilidades.",8.93,phi3:mini
"type=CWD msg=audit(1779747406.360:302): cwd=""/home/alumno""",INFO,"El registro muestra el cambio de directorio del alumno, lo cual es una actividad administrativa común y no representa riesgo.",6.38,phi3:mini
"type=PATH msg=audit(1779747406.360:302): item=0 name=""/etc/passwd"" inode=1049984 dev=08:02 mode=0100644 ouid=0 ogid=0 rdev=00:00 nametype=NORMAL cap_fp=0 cap_fi=0 cap_fe=0 cap_fver=0 cap_frootid=0OUID=""root"" OGID=""root""",INFO,"El registro muestra un intento legítimo de la shell del root para obtener información sobre el sistema, sin signos inusuales o acciones anómalas detectadas.",7.22,phi3:mini
type=PROCTITLE msg=audit(1779747406.360:302): proctitle=7375646F006175736561726368002D6B007061737377645F6368616E676573002D2D726177,INFO,"El registro muestra un cambio en el proctitle que incluye partes del nombre de archivo 'shadow' (shadow), indicando una configuración o comunicado adecuados dentro de la jerarquía de permisos sin riesgo aparente.",8.15,phi3:mini
"type=SYSCALL msg=audit(1779747406.360:305): arch=c000003e syscall=257 success=yes exit=6 a0=ffffff9c a1=7fbab0a582ac a2=80000 a3=0 items=1 ppid=952 pid=1276 auid=1000 uid=1000 gid=1000 euid=0 suid=0 fsuid=0 egid=1000 sgid=1000 fsgid=1000 tty=pts0 ses=1 comm=""sudo"" exe=""/usr/bin/sudo"" subj=unconfined key=""passwd_changes""ARCH=x86_64 SYSCALL=openat AUID=""alumno"" UID=""alumno"" GID=""alumno"" EUID=""root"" SUID=""root"" FSUID=""root"" EGID=""alumno"" SGID=""alumno"" FSGID=""alumno""",MEDIO,"El alumno intenta ejecutar 'sudo' sin estar previamente autenticado, lo cual es inusual y podría implicar un intento de actividad no autorizada.",8.02,phi3:mini
"type=CWD msg=audit(1779747406.360:305): cwd=""/home/alumno""",INFO,"El usuario alumno cambió su directorio de trabajo a /home/alumno, lo cual es una acción típica y no representa un riesgo.",6.39,phi3:mini
"type=PATH msg=audit(1779747406.360:305): item=0 name=""/etc/passwd"" inode=1049984 dev=08:02 mode=0100644 ouid=0 ogid=0 rdev=00:00 nametype=NORMAL cap_fp=0 cap_fi=0 cap_fe=0 cap_fver=0 cap_frootid=0OUID=""root"" OGID=""root""",INFO,"El registro muestra que se accedió con privilegios de superusuario al archivo /etc/passwd, lo cual es normal para un usuario del sistema.",6.7,phi3:mini
type=PROCTITLE msg=audit(1779747406.360:305): proctitle=7375646F006175736561726368002D6B007061737377645F6368616E676573002D2D726177,MEDIO,"El cambio en el proctitle sugiere que alguien intentó ocultar la identidad del proceso o cambiar las credenciales, lo cual es sospechoso pero no confirma una violación.",7.76,phi3:mini
"type=SYSCALL msg=audit(1779747406.360:307): arch=c000003e syscall=257 success=yes exit=8 a0=ffffff9c a1=7fbab0a582ac a2=80000 a3=0 items=1 ppid=952 pid=1276 auid=1000 uid=1000 gid=1000 euid=0 suid=0 fsuid=0 egid=1000 sgid=1000 fsgid=1000 tty=pts0 ses=1 comm=""sudo"" exe=""/usr/bin/sudo"" subj=unconfined key=""passwd_changes""ARCH=x86_64 SYSCALL=openat AUID=""alumno"" UID=""alumno"" GID=""alumno"" EUID=""root"" SUID=""root"" FSUID=""root"" EGID=""alumno"" SGID=""alumno"" FSGID=""alumno""",ALTO,"El anonim alumnus intentó ejecutar sudo sin estar autorizado para cambiar las contraseñas (subj=unconfined), lo cual representa un alto riesgo de seguridad.",8.11,phi3:mini
"type=CWD msg=audit(1779747406.360:307): cwd=""/home/alumno""",INFO,"El uso de 'cwd' (chdir) para cambiar el directorio es una operación básica y normal, no indica riesgo.",6.02,phi3:mini
"type=PATH msg=audit(1779747406.360:307): item=0 name=""/etc/passwd"" inode=1049984 dev=08:02 mode=0100644 ouid=0 ogid=0 rdev=00:00 nametype=NORMAL cap_fp=0 cap_fi=0 cap_fe=0 cap_fver=0 cap_frootid=0OUID=""root"" OGID=""root""",INFO,"Se registra la lectura normal del archivo /etc/passwd por el usuario root, sin indicar ningún comportamiento sospechoso.",6.43,phi3:mini
type=PROCTITLE msg=audit(1779747406.360:307): proctitle=7375646F006175736561726368002D6B007061737377645F6368616E676573002D2D726177,INFO,"La auditoría revela una llamada benigna a los comandos '/usr/bin/cat' y el archivo en cuestión, con un proctitle que se asemeja a 'shadow_access', lo cual es común para scripts de automatización.",8.27,phi3:mini
"type=SYSCALL msg=audit(1779747406.360:308): arch=c000003e syscall=257 success=yes exit=13 a0=ffffff9c a1=7fbab0a582ac a2=80000 a3=0 items=1 ppid=952 pid=1276 auid=1000 uid=1000 gid=0 euid=0 suid=0 fsuid=0 egid=0 sgid=0 fsgid=0 tty=pts0 ses=1 comm=""sudo"" exe=""/usr/bin/sudo"" subj=unconfined key=""passwd_changes""ARCH=x86_64 SYSCALL=openat AUID=""alumno"" UID=""alumno"" GID=""root"" EUID=""root"" SUID=""root"" FSUID=""root"" EGID=""root"" SGID=""root"" FSGID=""root""",ALTO,"Se puede inferir un alto riesgo debido a la ejecución del comando sudo con privilegios root y que el usuario es alumno, lo cual podría indicar potensialmente acceso no autorizado si este acaban de cambiar su contraseña o han realizado otras operaciones altamente sensibles.",9.98,phi3:mini
"type=CWD msg=audit(1779747406.360:308): cwd=""/home/alumno""",INFO,La ejecución de la función CWD es normal para navegar por el sistema y no representa un riesgo.,5.45,phi3:mini
"type=PATH msg=audit(1779747406.360:308): item=0 name=""/etc/passwd"" inode=1049984 dev=08:02 mode=0100644 ouid=0 ogid=0 rdev=00:00 nametype=NORMAL cap_fp=0 cap_fi=0 cap_fe=0 cap_fver=0 cap_frootid=0OUID=""root"" OGID=""root""",INFO,La accesión al archivo /etc/passwd con permisos estándar (rw-r--r--) por root es esperada y no representa un riesgo significativo.,7.03,phi3:mini
type=PROCTITLE msg=audit(1779747406.360:308): proctitle=7375646F006175736561726368002D6B007061737377645F6368616E676573002D2D726177,MEDIO,Movimiento inusual de los nombres del proceso que podría indicar un intento de ejecución oculta para explorar vulnerabilidades o realizar actividad no autorizada.,7.2,phi3:mini
"type=SYSCALL msg=audit(1779747406.360:310): arch=c000003e syscall=257 success=yes exit=13 a0=ffffff9c a1=7fbab0a582ac a2=80000 a3=0 items=1 ppid=952 pid=1276 auid=1000 uid=1000 gid=0 euid=0 suid=0 fsuid=0 egid=0 sgid=0 fsgid=0 tty=pts0 ses=1 comm=""sudo"" exe=""/usr/bin/sudo"" subj=unconfined key=""passwd_changes""ARCH=x86_64 SYSCALL=openat AUID=""alumno"" UID=""alumno"" GID=""root"" EUID=""root"" SUID=""root"" FSUID=""root"" EGID=""root"" SGID=""root"" FSGID=""root""",ALTO,"El usuario alumno intentó usar sudo sin argumentos, lo cual es sospechoso y podría indicar una configuración incorrecta o uso inadecuado que permite el acceso no autorizado.",8.29,phi3:mini
"type=CWD msg=audit(1779747406.360:310): cwd=""/home/alumno""",INFO,El usuario alumno se está moviendo entre directorios sin error ni indicio de intento malicioso.,5.4,phi3:mini
"type=PATH msg=audit(1779747406.360:310): item=0 name=""/etc/passwd"" inode=1049984 dev=08:02 mode=0100644 ouid=0 ogid=0 rdev=00:00 nametype=NORMAL cap_fp=0 cap_fi=0 cap_fe=0 cap_fver=0 cap_frootid=0OUID=""root"" OGID=""root""",INFO,El usuario root accedió con éxito a un archivo de sistema normal (passwd) sin indicar ninguna actividad sospechosa.,6.69,phi3:mini
type=PROCTITLE msg=audit(1779747406.360:310): proctitle=7375646F006175736561726368002D6B007061737377645F6368616E676573002D2D726177,INFO,Se observa un intento de utilizar una técnica de firma que no es rutinaria y podría ser parte del análisis o pruebas por parte de la seguridad informática.,7.12,phi3:mini
"type=SYSCALL msg=audit(1779747406.360:311): arch=c000003e syscall=257 success=yes exit=13 a0=ffffff9c a1=7fbab0a582ac a2=80000 a3=0 items=1 ppid=952 pid=1276 auid=1000 uid=1000 gid=0 euid=0 suid=0 fsuid=0 egid=0 sgid=0 fsgid=0 tty=pts0 ses=1 comm=""sudo"" exe=""/usr/bin/sudo"" subj=unconfined key=""passwd_changes""ARCH=x86_64 SYSCALL=openat AUID=""alumno"" UID=""alumno"" GID=""root"" EUID=""root"" SUID=""root"" FSUID=""root"" EGID=""root"" SGID=""root"" FSGID=""root""",ALTO,"La auditoría muestra una ejecución segura de sudo por parte del usuario 'alumno' con permisos elevados, lo que puede ser inusual y representa un alto riesgo para la seguridad.",8.33,phi3:mini
"type=CWD msg=audit(1779747406.360:311): cwd=""/home/alumno""",INFO,El cambio de directorio al hogar del usuario es una acción común y no indica ninguna actividad sospechosa.,5.95,phi3:mini
"type=PATH msg=audit(1779747406.360:311): item=0 name=""/etc/passwd"" inode=1049984 dev=08:02 mode=0100644 ouid=0 ogid=0 rdev=00:00 nametype=NORMAL cap_fp=0 cap_fi=0 cap_fe=0 cap_fver=0 cap_frootid=0OUID=""root"" OGID=""root""",INFO,"El registro indica una operación legítima de acceso al archivo /etc/passwd por el usuario root, lo cual es normal para la ejecución del sistema.",6.89,phi3:mini
type=PROCTITLE msg=audit(1779747406.360:311): proctitle=7375646F006175736561726368002D6B007061737377645F6368616E676573002D2D726177,INFO,Se captura el comando proceso con un nombre típico no amenazante y sin indicaciones de actividad sospechosa.,6.12,phi3:mini
"type=SYSCALL msg=audit(1779747406.360:312): arch=c000003e syscall=257 success=yes exit=13 a0=ffffff9c a1=7fbab0a582ac a2=80000 a3=0 items=1 ppid=952 pid=1276 auid=1000 uid=1000 gid=0 euid=0 suid=0 fsuid=0 egid=0 sgid=0 fsgid=0 tty=pts0 ses=1 comm=""sudo"" exe=""/usr/bin/sudo"" subj=unconfined key=""passwd_changes""ARCH=x86_64 SYSCALL=openat AUID=""alumno"" UID=""alumno"" GID=""root"" EUID=""root"" SUID=""root"" FSUID=""root"" EGID=""root"" SGID=""root"" FSGID=""root""",ALTO,"El usuario alumno, con privilegios elevados como root, está intentando utilizar sudo para el acceso a archivos críticos. Este comportamiento puede indicar un mal uso o ataque de privilege escalation.",8.48,phi3:mini
"type=CWD msg=audit(1779747406.360:312): cwd=""/home/alumno""",BAJO,"El cambio de directorio para una ubicación privada no es inusual; sin embargo, la falta de intento malicioso asociado lleva a un riesgo bajo.",6.71,phi3:mini
"type=PATH msg=audit(1779747406.360:312): item=0 name=""/etc/passwd"" inode=1049984 dev=08:02 mode=0100644 ouid=0 ogid=0 rdev=00:00 nametype=NORMAL cap_fp=0 cap_fi=0 cap_fe=0 cap_fver=0 cap_frootid=0OUID=""root"" OGID=""root""",INFO,"Se registra la lista de archivos en el directorio /etc, sin indicar acciones no autorizadas o maliciosas.",6.37,phi3:mini
type=PROCTITLE msg=audit(1779747406.360:312): proctitle=7375646F006175736561726368002D6B007061737377645F6368616E676573002D2D726177,BAJO,"El auditd capturó un log de proctitle, que parece ser una representación codificada del nombre de proceso. No hay indicadores inmediatos de riesgos en este evento.",7.38,phi3:mini
